Greater Victoria 61  ,,,,,,,,,,Mount Douglas Secondary,,,
,,,,,Course Tally,,,,,,,,
,,,,2023-2024,,,,,,,,,
Page 1,,,,,,,,,,,,"June 15, 2023",
,Number,Description,Department,,,Lvl,Primary,Alternate,Total,,Enrollment Max,,Section Count
,ACAL-12---,AP CALCULUS AB 12 external credential,Mathematics,,,Regular,29,,29,,29,,1.0
,,,,,,,,0,,,,,
,ACSC-2A---,AP COMPUTER SCIENCE A 12,Information Tech,,,Regular,23,,29,,24,,1.0
,,,,,,,,6,,,,,
,AELC-12---,AP ENGLISH LITERATURE & COMPOSITION 12,English,,,Regular,24,,24,,24,,2.0
,,,,,,,,0,,,,,
,APHM-12---,AP PHYSICS C (MECHANICS) 12 external credential,Sciences,,,Regular,24,,24,,23,,1.0
,,,,,,,,0,,,,,
,MAC--11---,ACCOUNTING 11,Business Education,,,Regular,42,,74,,29,,3.0
,,,,,,,,32,,,,,
,MACC-12---,ACCOUNTING 12,Business Education,,,Regular,21,,31,,29,,2.0
,,,,,,,,10,,,,,
,MACLV11---,ACTIVE LIVING 11,Physical Education,,,Regular,26,,30,,29,,2.0
,,,,,,,,4,,,,,
,MACLV11G--,ACTIVE LIVING 11 Girls,Physical Education,,,Regular,18,,26,,29,,1.0
,,,,,,,,8,,,,,
,MACLV12---,ACTIVE LIVING 12,Physical Education,,,Regular,29,,38,,29,,2.0
,,,,,,,,9,,,,,
,MACLV12G--,ACTIVE LIVING 12 Girls,Physical Education,,,Regular,8,,11,,29,,1.0
,,,,,,,,3,,,,,
,MADD-09---,ADST - Drafting 9,Applied Skills,,,Regular,40,,78,,24,,5.0
,,,,,,,,38,,,,,
,MADEM10---,ADST – ENTREPRENEURSHIP AND MARKETING 10,Applied Skills,,,Regular,109,,155,,29,,4.0
,,,,,,,,46,,,,,
,MADER09---,ADST - Electronics and Robotics,Applied Skills,,,Regular,42,,69,,24,,3.0
,,,,,,,,27,,,,,
,MADGE09---,ADST 9 - General Explorations (Modules),Applied Skills,,,Regular,8,,21,,21,,1.0
,,,,,,,,13,,,,,
,MADGE09D--,ADST 9 - General Exploratns Design Innov & Inquiry,Applied Skills,,,Regular,21,,45,,24,,1.0
,,,,,,,,24,,,,,
,MADIT09---,ADST-Information and Communications Technologies 9,Applied Skills,,,Regular,84,,103,,24,,5.0
,,,,,,,,19,,,,,
Greater Victoria 61  ,,,,,,,,,,Mount Douglas Secondary,,,
,,,,,Course Tally,,,,,,,,
,,,,2023-2024,,,,,,,,,
Page 2,,,,,,,,,,,,"June 15, 2023",
,Number,Description,Department,,,Lvl,Primary,Alternate,Total,,Enrollment Max,,Section Count
,MADW-09---,ADST - Woodwork 9,Applied Skills,,,Regular,38,,61,,21,,3.0
,,,,,,,,23,,,,,
,MAE--09---,ARTS EDUCATION 9,Fine Arts,,,Regular,46,,79,,29,,3.0
,,,,,,,,33,,,,,
,MATPH12---,ANATOMY AND PHYSIOLOGY 12,Science,,,Regular,127,,146,,23,,6.0
,,,,,,,,19,,,,,
,MBIT-11,INTRODUCTORY ITALIAN 11,Languages,,,Regular,18,,27,,29,,1.0
,,,,,,,,9,,,,,
,MCALC12---,CALCULUS 12,Mathematics,,,Regular,61,,67,,29,,2.0
,,,,,,,,6,,,,,
,MCH--11---,CHEMISTRY 11,Science,,,Regular,153,,161,,23,,7.0
,,,,,,,,8,,,,,
,MCH--12---,CHEMISTRY 12,Science,,,Regular,126,,131,,23,,6.0
,,,,,,,,5,,,,,
,MCLC-12---,CAREER LIFE CONNECTIONS,Career Preparation,,,Regular,10,,10,,20,,2.0
,,,,,,,,0,,,,,
,MCLE-10---,CAREER LIFE EDUCATION 10,Career Preparation,,,Regular,144,,145,,29,,5.0
,,,,,,,,1,,,,,
,MCLE-10--L,CAREER LIFE EDUCATION 10 Linear,Career Preparation,,,Regular,29,,29,,29,,1.0
,,,,,,,,0,,,,,
,MCLE-10F-L,CAREER LIFE EDUCATION 10 Flex Linear,Career Preparation,,,Regular,14,,14,,20,,2.0
,,,,,,,,0,,,,,
,MCMCC11--L,CHORAL MUSIC 11: CONCERT CHOIR Linear,Music,,,Regular,4,,4,,50,,1.0
,,,,,,,,0,,,,,
,MCMCC12--L,CHORAL MUSIC 12: CONCERT CHOIR Linear,Music,,,Regular,10,,10,,50,,1.0
,,,,,,,,0,,,,,
,MCMCL12---,COMPARATIVE CULTURES 12,Social Studies,,,Regular,46,,59,,24,,2.0
,,,,,,,,13,,,,,
,MCMPR11W--,WEB DEVELOPMENT,Information Tech,,,Regular,25,,50,,24,,1.0
,,,,,,,,25,,,,,
,MCMPR12W--,WEB DEVELOPMENT 12,Information Tech,,,Regular,12,,20,,24,,2.0
,,,,,,,,8,,,,,
,MCMPS10---,COMPOSITION 10,English,,,Regular,70,,70,,24,,3.0
,,,,,,,,0,,,,,
Greater Victoria 61  ,,,,,,,,,,Mount Douglas Secondary,,,
,,,,,Course Tally,,,,,,,,
,,,,2023-2024,,,,,,,,,
Page 3,,,,,,,,,,,,"June 15, 2023",
,Number,Description,Department,,,Lvl,Primary,Alternate,Total,,Enrollment Max,,Section Count
,MCMPS10C--,COMPOSITION 10 Challenge,English,,,Regular,42,,42,,24,,2.0
,,,,,,,,0,,,,,
,MCMPS11---,COMPOSITION 11,English,,,Regular,70,,117,,24,,3.0
,,,,,,,,47,,,,,
,MCTWR11---,CREATIVE WRITING 11,English,,,Regular,75,,114,,24,,3.0
,,,,,,,,39,,,,,
,MDCF-10---,DANCE FOUNDATIONS 10,Fine Arts,,,Regular,11,,16,,29,,1.0
,,,,,,,,5,,,,,
,MDCF-11---,DANCE FOUNDATIONS 11,Fine Arts,,,Regular,7,,8,,29,,1.0
,,,,,,,,1,,,,,
,MDCF-12---,DANCE FOUNDATIONS 12,Fine Arts,,,Regular,4,,6,,29,,1.0
,,,,,,,,2,,,,,
,MDCOM11C--,COMPUTER STUDIES 11,Information Tech,,,Regular,1,,1,,24,,1.0
,,,,,,,,0,,,,,
,MDMD-12D--,3D ANIMATION 12,Information Tech,,,Regular,22,,50,,24,,1.0
,,,,,,,,28,,,,,
,MDNC-09C-L,DANCE 9 Choreography Linear,Fine Arts,,,Regular,7,,7,,29,,1.0
,,,,,,,,0,,,,,
,MDNC-09F--,DANCE 9 Foundations,Fine Arts,,,Regular,6,,10,,29,,1.0
,,,,,,,,4,,,,,
,MDNC-09H--,DANCE 9 HIP HOP,Fine Arts,,,Regular,4,,4,,29,,1.0
,,,,,,,,0,,,,,
,MDNC-09M-L,DANCE 9 Company: Platform 61 Linear,Fine Arts,,,Regular,9,,9,,29,,1.0
,,,,,,,,0,,,,,
,MDNC-09PT-,DANCE 9 Performance and Technique,Fine Arts,,,Regular,7,,10,,29,,1.0
,,,,,,,,3,,,,,
,MDNC-10--L,DANCE 10: CHOREOGRAPHY Linear,Fine Arts,,,Regular,11,,11,,29,,1.0
,,,,,,,,0,,,,,
,MDNC-11--L,DANCE 11: CHOREOGRAPHY Linear,Fine Arts,,,Regular,10,,10,,29,,1.0
,,,,,,,,0,,,,,
,MDNC-12--L,DANCE 12: CHOREOGRAPHY Linear,Fine Arts,,,Regular,12,,12,,29,,1.0
,,,,,,,,0,,,,,
,MDNCM10--L,DANCE COMPANY 10 Linear,Fine Arts,,,Regular,13,,13,,29,,1.0
,,,,,,,,0,,,,,
Greater Victoria 61  ,,,,,,,,,,Mount Douglas Secondary,,,
,,,,,Course Tally,,,,,,,,
,,,,2023-2024,,,,,,,,,
Page 4,,,,,,,,,,,,"June 15, 2023",
,Number,Description,Department,,,Lvl,Primary,Alternate,Total,,Enrollment Max,,Section Count
,MDNCM11--L,DANCE COMPANY 11 Linear,Fine Arts,,,Regular,10,,10,,29,,1.0
,,,,,,,,0,,,,,
,MDNCM12--L,DANCE COMPANY 12 Linear,Fine Arts,,,Regular,11,,11,,29,,1.0
,,,,,,,,0,,,,,
,MDNCN11---,DANCE CONDITIONING 11,Fine Arts,,,Regular,12,,14,,29,,1.0
,,,,,,,,2,,,,,
,MDNCN12---,DANCE CONDITIONING 12,Fine Arts,,,Regular,6,,6,,29,,1.0
,,,,,,,,0,,,,,
,MDNTP10---,DANCE TECHNIQUE AND PERFORMANCE 10,Fine Arts,,,Regular,9,,10,,29,,1.0
,,,,,,,,1,,,,,
,MDNTP11---,DANCE TECHNIQUE AND PERFORMANCE 11,Fine Arts,,,Regular,9,,10,,29,,1.0
,,,,,,,,1,,,,,
,MDNTP12---,DANCE TECHNIQUE AND PERFORMANCE 12,Fine Arts,,,Regular,2,,3,,29,,1.0
,,,,,,,,1,,,,,
,MDR--09---,DRAMA 9,Fine Arts,,,Regular,16,,21,,29,,1.0
,,,,,,,,5,,,,,
,MDRM-10---,DRAMA 10,Fine Arts,,,Regular,21,,31,,29,,2.0
,,,,,,,,10,,,,,
,MDRM-11---,DRAMA 11,Fine Arts,,,Regular,15,,30,,29,,2.0
,,,,,,,,15,,,,,
,MDRM-12---,DRAMA 12,Fine Arts,,,Regular,25,,35,,29,,2.0
,,,,,,,,10,,,,,
,MECOM12---,E-COMMERCE 12,Applied Skills,,,Regular,37,,51,,29,,2.0
,,,,,,,,14,,,,,
,MEFWR10---,EFP WRITING 10,English,,,Regular,75,,76,,24,,3.0
,,,,,,,,1,,,,,
,MEN--09---,ENGLISH LANGUAGE ARTS 9,English,,,Regular,133,,134,,24,,7.0
,,,,,,,,1,,,,,
,MEN--09C--,ENGLISH LANGUAGE ARTS 9 CHALLENGE,English,,,Regular,46,,46,,24,,2.0
,,,,,,,,0,,,,,
,MEN--09E--,ENGLISH 9 FOR ELL,English,,,Regular,40,,40,,24,,2.0
,,,,,,,,0,,,,,
,MENFP12---,ENGLISH FIRST PEOPLES 12,English,,,Regular,121,,122,,24,,6.0
,,,,,,,,1,,,,,
Greater Victoria 61  ,,,,,,,,,,Mount Douglas Secondary,,,
,,,,,Course Tally,,,,,,,,
,,,,2023-2024,,,,,,,,,
Page 5,,,,,,,,,,,,"June 15, 2023",
,Number,Description,Department,,,Lvl,Primary,Alternate,Total,,Enrollment Max,,Section Count
,MENFP12--Y,ENGLISH FIRST PEOPLES 12 Year,English,,,Regular,29,,29,,24,,2.0
,,,,,,,,0,,,,,
,MENST12---,ENGLISH STUDIES 12,English,,,Regular,51,,51,,24,,2.0
,,,,,,,,0,,,,,
,MENST12C--,ENGLISH STUDIES 12 CHALLENGE,English,,,Regular,29,,29,,24,,2.0
,,,,,,,,0,,,,,
,MENT-12---,ENTREPRENEURSHIP 12,Business Education,,,Regular,31,,47,,29,,1.0
,,,,,,,,16,,,,,
,MEPSS11---,EXPLORATIONS IN SOCIAL STUDIES 11,Social Studies,,,Regular,75,,79,,24,,3.0
,,,,,,,,4,,,,,
,MEVSC11---,ENVIRONMENTAL SCIENCE 11,Science,,,Regular,42,,47,,23,,2.0
,,,,,,,,5,,,,,
,MEVSC12C--,ENVIRONMENTAL SCIENCE 12 - CLIMATE CHANGE,Science,,,Regular,49,,60,,23,,2.0
,,,,,,,,11,,,,,
,MFMP-10---,FOUNDATIONS OF MATH AND PRE-CALCULUS 10,Mathematics,,,Regular,110,,110,,29,,4.0
,,,,,,,,0,,,,,
,MFMP-10C--,FOUNDATIONS OF MATH AND PRE-CALCULUS 10 CHALLENGE,Mathematics,,,Regular,42,,42,,29,,2.0
,,,,,,,,0,,,,,
,MFMP-10H--,FOUNDATIONS OF MATH AND PRE-CALCULUS 10 HONOURS,Mathematics,,,Regular,29,,29,,29,,1.0
,,,,,,,,0,,,,,
,MFOM-11---,FOUNDATIONS OF MATHEMATICS 11,Mathematics,,,Regular,55,,55,,29,,2.0
,,,,,,,,0,,,,,
,MFOOD10---,ADST –  FOOD STUDIES 10,Applied Skills,,,Regular,65,,117,,23,,3.0
,,,,,,,,52,,,,,
,MFOOD11---,FOOD STUDIES 11,Applied Skills,,,Regular,41,,73,,23,,5.0
,,,,,,,,32,,,,,
,MFOOD12---,FOOD STUDIES 12,Applied Skills,,,Regular,56,,83,,23,,5.0
,,,,,,,,27,,,,,
,MFR--09---,FRENCH 9,Modern Languages,,,Regular,30,,43,,29,,1.0
,,,,,,,,13,,,,,
,MFR--10---,FRENCH 10,Modern Languages,,,Regular,26,,34,,29,,1.0
,,,,,,,,8,,,,,
,MFR--11---,FRENCH 11,Modern Languages,,,Regular,66,,70,,29,,3.0
,,,,,,,,4,,,,,
Greater Victoria 61  ,,,,,,,,,,Mount Douglas Secondary,,,
,,,,,Course Tally,,,,,,,,
,,,,2023-2024,,,,,,,,,
Page 6,,,,,,,,,,,,"June 15, 2023",
,Number,Description,Department,,,Lvl,Primary,Alternate,Total,,Enrollment Max,,Section Count
,MFR--12---,FRENCH 12,Modern Languages,,,Regular,22,,29,,29,,2.0
,,,,,,,,7,,,,,
,MGE--11,GERMAN 11,Languages,,,Regular,2,,2,,75,,1.0
,,,,,,,,0,,,,,
,MGE--12,GERMAN 12,Languages,,,Regular,62,,62,,75,,1.0
,,,,,,,,0,,,,,
,MGMT-12L--,GEOMETRY 12,Mathematics,,,Regular,31,,31,,29,,1.0
,,,,,,,,0,,,,,
,MGRPR11--L,GRAPHIC PRODUCTION 11 LINEAR,Applied Skills,,,Regular,22,,22,,50,,1.0
,,,,,,,,0,,,,,
,MGRPR12--L,GRAPHIC PRODUCTION 12 LINEAR,Applied Skills,,,Regular,11,,11,,50,,1.0
,,,,,,,,0,,,,,
,MIDS-0B---,INDEPENDENT DIRECTED STUDIES 10B,Personal Development,,,Regular,5,,6,,29,,1.0
,,,,,,,,1,,,,,
,MIDS-0C---,INDEPENDENT DIRECTED STUDIES 10C,Personal Development,,,Regular,14,,14,,20,,1.0
,,,,,,,,0,,,,,
,MIMCB11--L,INSTRUMENTAL MUSIC 11: CONCERT BAND LINEAR,Band,,,Regular,30,,33,,100,,1.0
,,,,,,,,3,,,,,
,MIMCB12--L,INSTRUMENTAL MUSIC 12: CONCERT BAND LINEAR,Band,,,Regular,17,,18,,100,,1.0
,,,,,,,,1,,,,,
,MIMG-11---,INSTRUMENTAL MUSIC 11: GUITAR,Music,,,Regular,0,,1,,29,,2.0
,,,,,,,,1,,,,,
,MIMG-12---,INSTRUMENTAL MUSIC 12: GUITAR,Music,,,Regular,19,,23,,29,,2.0
,,,,,,,,4,,,,,
,MIMJB11--L,INSTRUMENTAL MUSIC 11: JAZZ BAND LINEAR,Band,,,Regular,20,,20,,100,,1.0
,,,,,,,,0,,,,,
,MIMJB12--L,INSTRUMENTAL MUSIC 12: JAZZ BAND LINEAR,Band,,,Regular,14,,14,,100,,1.0
,,,,,,,,0,,,,,
,MINST12---,CONTEMPORARY INDIGENOUS STUDIES 12,Social Studies,,,Regular,84,,95,,24,,4.0
,,,,,,,,11,,,,,
,MINST12C--,CONTEMPORARY INDIGENOUS STUDIES 12 CHALLENGE,Social Studies,,,Regular,46,,46,,24,,2.0
,,,,,,,,0,,,,,
,MIT--11---,ITALIAN 11,Languages,,,Regular,14,,14,,29,,1.0
,,,,,,,,0,,,,,
Greater Victoria 61  ,,,,,,,,,,Mount Douglas Secondary,,,
,,,,,Course Tally,,,,,,,,
,,,,2023-2024,,,,,,,,,
Page 7,,,,,,,,,,,,"June 15, 2023",
,Number,Description,Department,,,Lvl,Primary,Alternate,Total,,Enrollment Max,,Section Count
,MIT--12---,ITALIAN 12,Languages,,,Regular,0,,1,,29,,1.0
,,,,,,,,1,,,,,
,MJA--10---,JAPANESE 10,Languages,,,Regular,2,,2,,75,,1.0
,,,,,,,,0,,,,,
,MJA--11---,JAPANESE 11,Languages,,,Regular,2,,2,,75,,1.0
,,,,,,,,0,,,,,
,MJA--12---,JAPANESE 12,Languages,,,Regular,2,,2,,75,,1.0
,,,,,,,,0,,,,,
,MKOR-10---,KOREAN 10,Languages,,,Regular,62,,62,,75,,1.0
,,,,,,,,0,,,,,
,MKOR-11---,KOREAN 11,Languages,,,Regular,62,,62,,75,,1.0
,,,,,,,,0,,,,,
,MKOR-12---,KOREAN 12,Languages,,,Regular,62,,62,,75,,1.0
,,,,,,,,0,,,,,
,MLFSC11---,LIFE SCIENCES 11,Science,,,Regular,68,,85,,23,,3.0
,,,,,,,,17,,,,,
,MLST-12---,LAW STUDIES 12,Social Studies,,,Regular,90,,118,,24,,4.0
,,,,,,,,28,,,,,
,MLTST11---,LITERARY STUDIES 11,English,,,Regular,47,,92,,24,,2.0
,,,,,,,,45,,,,,
,MLTST11C--,LITERARY STUDIES 11 Challenge,English,,,Regular,46,,46,,24,,2.0
,,,,,,,,0,,,,,
,MLTST12---,LITERARY STUDIES 12,English,,,Regular,24,,24,,24,,1.0
,,,,,,,,0,,,,,
,MMA--09---,MATHEMATICS 9,Mathematics,,,Regular,135,,137,,29,,5.0
,,,,,,,,2,,,,,
,MMA--09C--,MATHEMATICS 9 CHALLENGE,Mathematics,,,Regular,46,,46,,29,,2.0
,,,,,,,,0,,,,,
,MMA--09H--,MATHEMATICS 9 HONOURS,Mathematics,,,Regular,29,,29,,29,,1.0
,,,,,,,,0,,,,,
,MMACS11---,COMPUTER SCIENCE 11,Mathematics,,,Regular,80,,104,,24,,3.0
,,,,,,,,24,,,,,
,MMACS12---,COMPUTER SCIENCE 12,Mathematics,,,Regular,53,,58,,24,,3.0
,,,,,,,,5,,,,,
Greater Victoria 61  ,,,,,,,,,,Mount Douglas Secondary,,,
,,,,,Course Tally,,,,,,,,
,,,,2023-2024,,,,,,,,,
Page 8,,,,,,,,,,,,"June 15, 2023",
,Number,Description,Department,,,Lvl,Primary,Alternate,Total,,Enrollment Max,,Section Count
,MMAP-11---,MARKETING AND PROMOTION 11,Applied Skills,,,Regular,46,,86,,29,,2.0
,,,,,,,,40,,,,,
,MMEDD10---,ADST – MEDIA DESIGN 10,Information Tech,,,Regular,21,,38,,24,,2.0
,,,,,,,,17,,,,,
,MMEDD11---,MEDIA DESIGN 11,Information Tech,,,Regular,14,,26,,24,,2.0
,,,,,,,,12,,,,,
,MMEDD12---,MEDIA DESIGN 12,Information Tech,,,Regular,11,,21,,24,,2.0
,,,,,,,,10,,,,,
,MMUCB10--L,INSTRUMENTAL MUSIC: CONCERT BAND 10 Linear,Music,,,Regular,21,,21,,100,,1.0
,,,,,,,,0,,,,,
,MMUCC10--L,CHORAL MUSIC: CONCERT CHOIR 10 Linear,Music,,,Regular,4,,4,,50,,1.0
,,,,,,,,0,,,,,
,MMUGT10---,INSTRUMENTAL MUSIC: GUITAR 10,Music,,,Regular,1,,1,,29,,1.0
,,,,,,,,0,,,,,
,MMUJB10--L,INSTRUMENTAL MUSIC: JAZZ BAND 10 Linear,Music,,,Regular,13,,13,,100,,1.0
,,,,,,,,0,,,,,
,MMUOR10S-L,INSTRUMENTAL MUSIC: ORCHESTRA 10 Strings LINEAR,Music,,,Regular,4,,4,,100,,1.0
,,,,,,,,0,,,,,
,MMUOR11S-L,INSTRUMENTAL MUSIC: ORCHESTRA 11 Strings Linear,Music,,,Regular,17,,17,,100,,1.0
,,,,,,,,0,,,,,
,MMUOR12S-L,INSTRUMENTAL MUSIC: ORCHESTRA 12 Strings Linear,Music,,,Regular,9,,9,,100,,1.0
,,,,,,,,0,,,,,
,MODED11---,OUTDOOR EDUCATION 11,Physical Education,,,Regular,9,,18,,29,,1.0
,,,,,,,,9,,,,,
,MODED12---,OUTDOOR EDUCATION 12,Physical Education,,,Regular,14,,19,,29,,1.0
,,,,,,,,5,,,,,
,MPGEO12---,PHYSICAL GEOGRAPHY 12,Social Studies,,,Regular,30,,39,,24,,1.0
,,,,,,,,9,,,,,
,MPH--11---,PHYSICS 11,Science,,,Regular,149,,152,,23,,7.0
,,,,,,,,3,,,,,
,MPH--12---,PHYSICS 12,Science,,,Regular,69,,72,,23,,3.0
,,,,,,,,3,,,,,
,MPHE-09---,PHYSICAL AND HEALTH EDUCATION 9,Physical Education,,,Regular,30,,30,,29,,3.0
,,,,,,,,0,,,,,
Greater Victoria 61  ,,,,,,,,,,Mount Douglas Secondary,,,
,,,,,Course Tally,,,,,,,,
,,,,2023-2024,,,,,,,,,
Page 9,,,,,,,,,,,,"June 15, 2023",
,Number,Description,Department,,,Lvl,Primary,Alternate,Total,,Enrollment Max,,Section Count
,MPHE-09--L,PHYSICAL AND HEALTH EDUCATION 9 Linear,Physical Education,,,Regular,55,,55,,32,,2.0
,,,,,,,,0,,,,,
,MPHE-09B--,PHYSICAL AND HEALTH EDUCATION 9 Boys,Physical Education,,,Regular,88,,88,,29,,5.0
,,,,,,,,0,,,,,
,MPHE-09G--,PHYSICAL AND HEALTH EDUCATION 9 Girls,Physical Education,,,Regular,42,,42,,29,,4.0
,,,,,,,,0,,,,,
,MPHE-09Y--,PHYSICAL AND HEALTH EDUCATION 9 Yoga for Mindfulns,Physical Education,,,Regular,8,,20,,29,,1.0
,,,,,,,,12,,,,,
,MPHED10---,PHYSICAL AND HEALTH EDUCATION 10,Physical Education,,,Regular,37,,37,,29,,3.0
,,,,,,,,0,,,,,
,MPHED10--L,PHYSICAL AND HEALTH EDUCATION 10 LINEAR,Physical Education,,,Regular,27,,27,,29,,3.0
,,,,,,,,0,,,,,
,MPHED10B--,PHYSICAL AND HEALTH EDUCATION 10 Boys,Physical Education,,,Regular,59,,60,,29,,5.0
,,,,,,,,1,,,,,
,MPHED10G--,PHYSICAL AND HEALTH EDUCATION 10 Girls,Physical Education,,,Regular,55,,56,,29,,4.0
,,,,,,,,1,,,,,
,MPREC11---,PRE-CALCULUS 11,Mathematics,,,Regular,153,,155,,29,,6.0
,,,,,,,,2,,,,,
,MPREC11H--,PRE-CALCULUS 11 HONOURS,Mathematics,,,Regular,29,,29,,29,,1.0
,,,,,,,,0,,,,,
,MPREC12---,PRE-CALCULUS 12,Mathematics,,,Regular,136,,151,,29,,7.0
,,,,,,,,15,,,,,
,MPREC12H--,PRE-CALCULUS 12 HONOURS,Mathematics,,,Regular,29,,29,,29,,1.0
,,,,,,,,0,,,,,
,MSC--09---,SCIENCE 9,Science,,,Regular,175,,175,,23,,8.0
,,,,,,,,0,,,,,
,MSC--09C--,SCIENCE 9: CHALLENGE,Science,,,Regular,46,,46,,23,,2.0
,,,,,,,,0,,,,,
,MSC--10---,SCIENCE 10,Science,,,Regular,159,,160,,23,,7.0
,,,,,,,,1,,,,,
,MSC--10C--,SCIENCE 10: CHALLENGE,Science,,,Regular,42,,42,,23,,2.0
,,,,,,,,0,,,,,
,MSP--,SPANISH 9,Modern Languages,,,Regular,54,,74,,29,,2.0
,,,,,,,,20,,,,,
Greater Victoria 61  ,,,,,,,,,,Mount Douglas Secondary,,,
,,,,,Course Tally,,,,,,,,
,,,,2023-2024,,,,,,,,,
Page 10,,,,,,,,,,,,"June 15, 2023",
,Number,Description,Department,,,Lvl,Primary,Alternate,Total,,Enrollment Max,,Section Count
,09---,,,,,,,,,,,,
,MSP--10---,SPANISH 10,Modern Languages,,,Regular,42,,50,,29,,2.0
,,,,,,,,8,,,,,
,MSP--11---,SPANISH 11,Modern Languages,,,Regular,35,,40,,29,,2.0
,,,,,,,,5,,,,,
,MSP--12---,SPANISH 12,Modern Languages,,,Regular,7,,13,,29,,1.0
,,,,,,,,6,,,,,
,MSPLG10--L,SPOKEN LANGUAGE 10 LINEAR,English,,,Regular,23,,23,,24,,2.0
,,,,,,,,0,,,,,
,MSPLG11---,SPOKEN LANGUAGE 11,English,,,Regular,12,,12,,24,,2.0
,,,,,,,,0,,,,,
,MSS--09---,SOCIAL STUDIES 9,Social Studies,,,Regular,171,,171,,24,,8.0
,,,,,,,,0,,,,,
,MSS--09C--,SOCIAL STUDIES 9 CHALLENGE,Social Studies,,,Regular,46,,46,,24,,2.0
,,,,,,,,0,,,,,
,MSS--10---,SOCIAL STUDIES 10,Social Studies,,,Regular,160,,161,,24,,7.0
,,,,,,,,1,,,,,
,MSS--10C--,SOCIAL STUDIES 10 CHALLENGE,Social Studies,,,Regular,42,,42,,24,,2.0
,,,,,,,,0,,,,,
,MSTAT12---,STATISTICS 12,Mathematics,,,Regular,33,,43,,29,,1.0
,,,,,,,,10,,,,,
,MSTX-0A---,YOUTH EXPLORE TRADES SKILLS 10A,Applied Skills,,,Regular,8,,18,,21,,1.0
,,,,,,,,10,,,,,
,MSTX-1A---,YOUTH EXPLORE TRADES SKILLS 11A,Applied Skills,,,Regular,5,,12,,21,,2.0
,,,,,,,,7,,,,,
,MSTX-2A---,YOUTH EXPLORE TRADES SKILLS 12A,Applied Skills,,,Regular,9,,12,,21,,2.0
,,,,,,,,3,,,,,
,MTAUT11---,AUTOMOTIVE TECHNOLOGY 11,Applied Skills,,,Regular,31,,41,,21,,3.0
,,,,,,,,10,,,,,
,MTAUT12---,AUTOMOTIVE TECHNOLOGY 12,Applied Skills,,,Regular,31,,35,,21,,3.0
,,,,,,,,4,,,,,
,MTDRF10---,ADST –  DRAFTING 10,Applied Skills,,,Regular,26,,48,,24,,5.0
,,,,,,,,22,,,,,
Greater Victoria 61  ,,,,,,,,,,Mount Douglas Secondary,,,
,,,,,Course Tally,,,,,,,,
,,,,2023-2024,,,,,,,,,
Page 11,,,,,,,,,,,,"June 15, 2023",
,Number,Description,Department,,,Lvl,Primary,Alternate,Total,,Enrollment Max,,Section Count
,MTDRF11---,DRAFTING 11,Applied Skills,,,Regular,16,,32,,24,,4.0
,,,,,,,,16,,,,,
,MTDRF12---,DRAFTING 12,Applied Skills,,,Regular,18,,29,,24,,4.0
,,,,,,,,11,,,,,
,MTEAD12---,ENGINE AND DRIVETRAIN 12,Applied Skills,,,Regular,7,,10,,21,,3.0
,,,,,,,,3,,,,,
,MTEAR10---,ADST –  ELECTRONICS AND ROBOTICS 10,Applied Skills,,,Regular,11,,26,,24,,3.0
,,,,,,,,15,,,,,
,MTEXP10D--,ADST-Technology Explorations 10 Design Innov & Inq,Information Tech,,,,3,,9,,24,,1.0
,,,,,,,,6,,,,,
,MTPOW10---,ADST –  POWER TECHNOLOGY 10,Applied Skills,,,Regular,25,,35,,21,,3.0
,,,,,,,,10,,,,,
,MTROB11---,ROBOTICS 11,Applied Skills,,,Regular,5,,14,,24,,3.0
,,,,,,,,9,,,,,
,MTROB12---,ROBOTICS 12,Applied Skills,,,Regular,6,,12,,24,,3.0
,,,,,,,,6,,,,,
,MVAPH10---,VISUAL ARTS: PHOTOGRAPHY 10,Fine Arts,,,Regular,19,,41,,24,,2.0
,,,,,,,,22,,,,,
,MVAPH11---,PHOTOGRAPHY 11,Fine Arts,,,Regular,21,,36,,24,,2.0
,,,,,,,,15,,,,,
,MVAPH12---,PHOTOGRAPHY 12,Fine Arts,,,Regular,11,,18,,24,,2.0
,,,,,,,,7,,,,,
,MVAST10---,VISUAL ARTS: ART STUDIO 10,Fine Arts,,,Regular,23,,43,,29,,3.0
,,,,,,,,20,,,,,
,MVAST11---,ART STUDIO 11,Fine Arts,,,Regular,26,,38,,29,,2.0
,,,,,,,,12,,,,,
,MVAST12---,ART STUDIO 12,Fine Arts,,,Regular,25,,32,,29,,2.0
,,,,,,,,7,,,,,
,MWBDV10IT-,Information and Communications Technologies 10,Information Tech,,,,27,,31,,24,,5.0
,,,,,,,,4,,,,,
,MWEX-2A---,WORK EXPERIENCE 12A,Career Prep,,,Regular,1,,1,,29,,1.0
,,,,,,,,0,,,,,
,MWEX-,WORK EXPERIENCE 12A LINEAR,Career Prep,,,Regular,16,,16,,29,,1.0
,,,,,,,,0,,,,,
Greater Victoria 61  ,,,,,,,,,,Mount Douglas Secondary,,,
,,,,,Course Tally,,,,,,,,
,,,,2023-2024,,,,,,,,,
Page 12,,,,,,,,,,,,"June 15, 2023",
,Number,Description,Department,,,Lvl,Primary,Alternate,Total,,Enrollment Max,,Section Count
,2A--L,,,,,,,,,,,,
,MWEX-2B---,WORK EXPERIENCE 12B,Career Prep,,,Regular,1,,1,,29,,1.0
,,,,,,,,0,,,,,
,MWEX-2B--L,WORK EXPERIENCE 12B LINEAR,Career Prep,,,Regular,5,,5,,29,,1.0
,,,,,,,,0,,,,,
,MWH--12---,20th CENTURY WORLD HISTORY 12,Social Studies,,,,55,,64,,24,,3.0
,,,,,,,,9,,,,,
,MWPM-10---,WORKPLACE MATHEMATICS 10,Mathematics,,,Regular,28,,28,,29,,2.0
,,,,,,,,0,,,,,
,MWPM-11---,WORKPLACE MATHEMATICS 11,Mathematics,,,Regular,23,,25,,29,,1.0
,,,,,,,,2,,,,,
,MWWK-10---,ADST –  WOODWORK 10,Applied Skills,,,Regular,15,,36,,21,,3.0
,,,,,,,,21,,,,,
,MWWK-11---,WOODWORK 11,Applied Skills,,,Regular,8,,16,,21,,3.0
,,,,,,,,8,,,,,
,MWWK-12---,WOODWORK 12,Applied Skills,,,Regular,8,,13,,21,,3.0
,,,,,,,,5,,,,,
,XATRR09---,RESOURCE ROOM 9,Special Education,,,Regular,38,,38,,24,,2.0
,,,,,,,,0,,,,,
,XBA--09B-L,BEGINNER BAND 9 LINEAR,Band,,,Regular,2,,4,,100,,1.0
,,,,,,,,2,,,,,
,XBA--09C-L,CONCERT BAND 9 Linear,Band,,,Regular,42,,45,,100,,1.0
,,,,,,,,3,,,,,
,XBA--09G--,CONCERT BAND 9 - Guitar,Band,,,Regular,23,,48,,29,,2.0
,,,,,,,,25,,,,,
,XBA--09J-L,JAZZ BAND 9 LINEAR,Music,,,Regular,28,,28,,100,,1.0
,,,,,,,,0,,,,,
,XC---09--L,CONCERT CHOIR 9 Linear,Music,,,Regular,12,,12,,50,,1.0
,,,,,,,,0,,,,,
,XLDCB09LS-,LEARNING STRATEGIES 9 LD,Personal Development,,,Regular,11,,12,,29,,8.0
,,,,,,,,1,,,,,
,XLDCB09LSL,LEARNING STRATEGIES 9 LD LINEAR,Personal Development,,,Regular,11,,11,,29,,2.0
,,,,,,,,0,,,,,
Greater Victoria 61  ,,,,,,,,,,Mount Douglas Secondary,,,
,,,,,Course Tally,,,,,,,,
,,,,2023-2024,,,,,,,,,
Page 13,,,,,,,,,,,,"June 15, 2023",
,Number,Description,Department,,,Lvl,Primary,Alternate,Total,,Enrollment Max,,Section Count
,XLDCB09M--,TECH ED 9: MECHANICS LD,Technology Education,,,Regular,34,,58,,21,,3.0
,,,,,,,,24,,,,,
,XLDCB09S-L,STRINGS 9 LINEAR,Band,,,Regular,20,,20,,100,,1.0
,,,,,,,,0,,,,,
,XLDCE09NM-,NUMERACY 9,Mathematics,,,Regular,17,,17,,29,,1.0
,,,,,,,,0,,,,,
,YCPA-0AX-L,COMMUNITY LEADERSHIP 10 Linear,Personal Development,,,Regular,18,,18,,200,,1.0
,,,,,,,,0,,,,,
,YCPA-0AXE-,COMMUNITY LEADERSHIP 10,Personal Development,,,Regular,7,,7,,50,,1.0
,,,,,,,,0,,,,,
,YCPA-1AX-L,COMMUNITY LEADERSHIP 11 Linear,Personal Development,,,Regular,34,,34,,200,,1.0
,,,,,,,,0,,,,,
,YCPA-1AXE-,COMMUNITY LEADERSHIP 11,Personal Development,,,Regular,20,,20,,50,,1.0
,,,,,,,,0,,,,,
,YCPA-2AX-L,COMMUNITY LEADERSHIP 12 Linear,Personal Development,,,Regular,34,,34,,200,,1.0
,,,,,,,,0,,,,,
,YCPA-2AXE-,COMMUNITY LEADERSHIP 12,Personal Development,,,Regular,25,,25,,50,,1.0
,,,,,,,,0,,,,,
,YED--0AX--,LEARNING STRATEGIES 10,Applied Skills,,,Regular,10,,10,,20,,8.0
,,,,,,,,0,,,,,
,YED--0AX-L,LEARNING STRATEGIES 10 LINEAR,Applied Skills,,,Regular,8,,8,,20,,2.0
,,,,,,,,0,,,,,
,YED--0BX-L,PEER TUTORING 10 LINEAR,Personal Development,,,Regular,7,,7,,50,,1.0
,,,,,,,,0,,,,,
,YED--1DX--,LEARNING STRATEGIES 11,Applied Skills,,,Regular,3,,3,,20,,8.0
,,,,,,,,0,,,,,
,YED--1DX-L,LEARNING STRATEGIES 11 LINEAR,Applied Skills,,,Regular,11,,11,,20,,2.0
,,,,,,,,0,,,,,
,YED--1EX-L,PEER TUTORING 11 LINEAR,Personal Development,,,Regular,14,,14,,50,,1.0
,,,,,,,,0,,,,,
,YED--2CX--,LEARNING STRATEGIES 12,Applied Skills,,,Regular,16,,17,,20,,9.0
,,,,,,,,1,,,,,
,YED--2CX-L,LEARNING STRATEGIES 12 LINEAR,Applied Skills,,,Regular,6,,6,,20,,3.0
,,,,,,,,0,,,,,
Greater Victoria 61  ,,,,,,,,,,Mount Douglas Secondary,,,
,,,,,Course Tally,,,,,,,,
,,,,2023-2024,,,,,,,,,
Page 14,,,,,,,,,,,,"June 15, 2023",
,Number,Description,Department,,,Lvl,Primary,Alternate,Total,,Enrollment Max,,Section Count
,YED--2DX-L,PEER TUTORING 12 LINEAR,Personal Development,,,Regular,17,,17,,50,,1.0
,,,,,,,,0,,,,,
,YED--2FX-L,SCHOLARSHIP PREPARATION 12 LINEAR,Applied Skills,,,Regular,54,,54,,100,,1.0
,,,,,,,,0,,,,,
,YESFL0AX--,BEGINNERS ELL 10,English,,,Regular,41,,41,,24,,2.0
,,,,,,,,0,,,,,
,YESFL1CX--,ELL Academic Literacy 11,English,,,Regular,17,,17,,24,,2.0
,,,,,,,,0,,,,,
,YLAW-2CX--,CRIMINOLOGY 12,Social Studies,,,Regular,79,,115,,24,,3.0
,,,,,,,,36,,,,,
,YMIS-1DD--,DESIGN AND INNOVATION 11,Applied Skills,,,Regular,4,,10,,24,,1.0
,,,,,,,,6,,,,,
,YMIS-2DD--,DESIGN AND INNOVATION 12,Applied Skills,,,Regular,4,,8,,24,,1.0
,,,,,,,,4,,,,,
,YPA--0CX--,YOGA FOR MINDFULNESS 10,Personal Development,,,Regular,6,,19,,29,,1.0
,,,,,,,,13,,,,,
,YPA--1CX--,YOGA FOR MINDFULNESS 11,Personal Development,,,Regular,5,,14,,29,,1.0
,,,,,,,,9,,,,,
,YPA--2CX--,YOGA FOR MINDFULNESS 12,Personal Development,,,Regular,8,,16,,29,,1.0
,,,,,,,,8,,,,,
,YPR--0BX--,OUTDOOR EDUCATION 10,Physical Education,,,Regular,6,,20,,29,,1.0
,,,,,,,,14,,,,,
,YPSYC1AX--,PSYCHOLOGY 11,Personal Development,,,Regular,60,,83,,24,,3.0
,,,,,,,,23,,,,,
